Knowledge of Different Cuisines,Interest in Different Cuisines
Intermediate,Some
Novice,Some
Intermediate,A lot
Novice,Not much
Novice,Not much
Advanced,A lot
Novice,Some
Advanced,A lot
Novice,Not much
Novice,Some
Advanced,A lot
Novice,Some
Intermediate,A lot
Intermediate,Some
Intermediate,Some
Intermediate,Some
Novice,Not at all
Novice,Not much
Novice,Not much
Novice,Some
Intermediate,A lot
Novice,Some
Intermediate,Not much
Novice,Some
Novice,Not at all
Intermediate,Some
Intermediate,Not much
Intermediate,A lot
Intermediate,Some
Intermediate,Some
Intermediate,Some
Intermediate,Not much
Advanced,A lot
Novice,Not much
Novice,Some
Intermediate,Some
Intermediate,Not much
Intermediate,Not much
Intermediate,Not much
Intermediate,A lot
Intermediate,Not much
Novice,Not at all
Novice,Some
Advanced,A lot
Intermediate,Some
Novice,Some
Intermediate,A lot
Intermediate,Not much
Novice,Some
Novice,A lot
Novice,Some
Novice,Not at all
Advanced,A lot
Intermediate,Some
Novice,Some
Novice,A lot
Novice,Some
Novice,Not much
Intermediate,Some
Novice,Some
Novice,A lot
Novice,Some
Novice,Some
Intermediate,Some
Novice,Some
Novice,Some
Novice,Not much
Intermediate,A lot
Intermediate,Some
Intermediate,A lot
Novice,Some
Advanced,A lot
Novice,Some
Advanced,Not much
Intermediate,Not much
Advanced,A lot
Intermediate,A lot
Intermediate,A lot
Novice,Not at all
Intermediate,A lot
Intermediate,A lot
Novice,Not much
Intermediate,A lot
Intermediate,Some
Novice,Not much
Intermediate,Some
Advanced,A lot
Novice,A lot
Novice,Not at all
Intermediate,Some
Intermediate,Some
Intermediate,Some
Intermediate,Some
Novice,Not much
Intermediate,Some
Novice,Some
Novice,Not much
Advanced,Some
Novice,Some
Novice,Some
Novice,Some
Novice,Not much
Advanced,A lot
Intermediate,Some
Novice,Some
Intermediate,Some
Novice,Some
Novice,Not much
Intermediate,Some
Novice,Some
Intermediate,A lot
Advanced,A lot
Intermediate,A lot
Intermediate,A lot
Novice,A lot
Advanced,A lot
Novice,Not much
Advanced,A lot
Advanced,Some
Novice,Not much
Novice,Some
Intermediate,Some
Intermediate,A lot
Advanced,A lot
Intermediate,Not much
Intermediate,Some
Intermediate,A lot
Intermediate,Some
Intermediate,A lot
Intermediate,A lot
Intermediate,A lot
Intermediate,A lot
Intermediate,A lot
Novice,Some
Advanced,Some
Intermediate,A lot
Intermediate,Not at all
Intermediate,Some
Novice,Some
Advanced,A lot
Expert,A lot
Advanced,A lot
Intermediate,Some
Intermediate,Some
Advanced,Some
Intermediate,Some
Intermediate,Some
Intermediate,A lot
Intermediate,A lot
Advanced,A lot
Intermediate,Some
Advanced,A lot
Novice,Some
Novice,A lot
Intermediate,Some
Novice,A lot
Novice,Some
Intermediate,Some
Intermediate,Some
Intermediate,A lot
Intermediate,Some
Novice,Not much
Novice,Not at all
Intermediate,A lot
Intermediate,Some
Novice,Some
Intermediate,Some
Intermediate,Some
Intermediate,A lot
Intermediate,Some
Novice,Some
Intermediate,Some
Intermediate,A lot
Novice,A lot
Advanced,A lot
Advanced,A lot
Intermediate,Some
Advanced,Some
Novice,Not much
Intermediate,Not much
Intermediate,Some
Intermediate,A lot
Novice,Not much
Novice,Not much
Intermediate,Not much
Intermediate,A lot
Intermediate,Some
Advanced,Some
Advanced,A lot
Novice,Some
Novice,Not much
Novice,Not at all
Novice,Not at all
Novice,Some
Novice,Not much
Novice,Not much
Intermediate,A lot
Advanced,A lot
Intermediate,Some
Intermediate,Some
Intermediate,A lot
Novice,Not much
Novice,Some
Intermediate,A lot
Intermediate,Some
Intermediate,Some
Novice,Not at all
Advanced,A lot
Novice,Some
Novice,A lot
Intermediate,A lot
Novice,A lot
Novice,Some
Advanced,Some
Intermediate,A lot
Advanced,Some
Novice,Not at all
Intermediate,Some
Intermediate,A lot
Intermediate,A lot
Intermediate,Some
Novice,Not at all
Novice,Some
Intermediate,Not much
Intermediate,Some
Intermediate,A lot
Intermediate,A lot
Intermediate,A lot
Novice,Some
Novice,Some
Intermediate,A lot
Novice,Not much
Intermediate,A lot
Intermediate,A lot
Intermediate,Some
Novice,Not at all
Intermediate,Some
Intermediate,Some
Intermediate,A lot
Novice,Some
Advanced,A lot
Advanced,A lot
Novice,Not much
Intermediate,Some
Intermediate,A lot
Intermediate,Not much
Novice,Some
Novice,Not at all
Intermediate,A lot
Novice,Some
Intermediate,Some
Intermediate,Some
Novice,Some
Novice,Some
Novice,Not much
Novice,Some
Novice,Not at all
Intermediate,A lot
Intermediate,Not at all
Intermediate,A lot
Expert,A lot
Intermediate,Some
Advanced,A lot
Intermediate,A lot
Advanced,A lot
Advanced,A lot
Advanced,A lot
Advanced,A lot
Novice,Some
Novice,Not at all
Intermediate,A lot
Advanced,A lot
Novice,Not at all
Expert,A lot
Advanced,A lot
Novice,Not much
Novice,Not much
Intermediate,Some
Novice,Some
Novice,Some
Intermediate,Some
Novice,Some
Novice,A lot
Novice,A lot
Novice,Not at all
Novice,Some
Novice,Not at all
Intermediate,Some
Advanced,Not much
Novice,Some
Intermediate,A lot
Advanced,A lot
Intermediate,A lot
Intermediate,Not at all
Advanced,A lot
Novice,Some
Intermediate,Some
Advanced,A lot
Intermediate,A lot
Advanced,A lot
Intermediate,Some
Expert,A lot
Intermediate,Some
Intermediate,Some
Novice,Some
Advanced,A lot
Novice,Some
Intermediate,A lot
Novice,Some
Advanced,A lot
Expert,A lot
Novice,Not much
Novice,Some
Intermediate,Not much
Intermediate,Some
Intermediate,A lot
Intermediate,Some
Novice,Some
Advanced,Some
Intermediate,A lot
Novice,Some
Intermediate,A lot
Intermediate,Some
Novice,Not at all
Intermediate,Some
Novice,Some
Novice,Not much
Novice,Not at all
Advanced,Some
Novice,Not much
Advanced,A lot
Intermediate,Some
Novice,Not at all
Intermediate,A lot
Intermediate,Some
Intermediate,Some
Novice,Some
Novice,Not much
Intermediate,A lot
Novice,Not much
Novice,Some
Intermediate,Not much
Intermediate,A lot
Intermediate,Some
Novice,Some
Intermediate,A lot
Novice,Some
Novice,Some
Novice,A lot
Intermediate,Some
Novice,Not much
Intermediate,Not much
Novice,Some
Intermediate,A lot
Novice,Some
Intermediate,A lot
Novice,Some
Intermediate,A lot
Novice,Not much
Novice,Some
Novice,Some
Novice,Not much
Intermediate,Some
Intermediate,Not much
Intermediate,Some
Intermediate,A lot
Intermediate,Some
Novice,Some
Intermediate,Some
Expert,A lot
Intermediate,Some
Intermediate,A lot
Intermediate,A lot
Intermediate,Some
Novice,Some
Novice,Not much
Intermediate,Some
Intermediate,Some
Intermediate,Some
Novice,Not much
Intermediate,Some
Novice,A lot
Intermediate,Some
Intermediate,Some
Intermediate,Some
Intermediate,Not much
Intermediate,Some
Intermediate,A lot
Intermediate,Not much
Novice,Not much
Intermediate,A lot
Intermediate,A lot
Novice,Some
Novice,Not much
Intermediate,Not much
Novice,Not much
Intermediate,A lot
Advanced,A lot
Novice,Not at all
Intermediate,Some
Intermediate,Some
Novice,A lot
Novice,Some
Novice,Some
Novice,Some
Intermediate,Some
Novice,Not at all
Intermediate,A lot
Intermediate,Some
Intermediate,A lot
Novice,Some
Intermediate,Some
Novice,Some
Intermediate,A lot
Novice,Not much
Novice,Not much
Intermediate,A lot
Intermediate,Some
Advanced,Not at all
Intermediate,Not much
Novice,Some
Intermediate,A lot
Novice,Not at all
Intermediate,A lot
Intermediate,Some
Intermediate,Some
Novice,Not much
Intermediate,Some
Intermediate,Some
Intermediate,Some
Intermediate,A lot
Intermediate,Some
Intermediate,Some
Advanced,A lot
Intermediate,A lot
Novice,Some
Novice,Not much
Novice,Not at all
Novice,A lot
Expert,A lot
Intermediate,Some
Novice,A lot
Novice,Some
Intermediate,A lot
Intermediate,A lot
Intermediate,A lot
Novice,Some
Novice,Some
Intermediate,A lot
Intermediate,Some
Novice,Some
Novice,Some
Novice,Not at all
Intermediate,Some
Intermediate,Some
Intermediate,Some
Novice,Some
Novice,Some
Expert,A lot
Advanced,A lot
Novice,Some
Novice,Not much
Intermediate,Some
Novice,Not much
Intermediate,Not much
Intermediate,Some
Intermediate,A lot
Novice,Not much
Advanced,A lot
Novice,Some
Novice,Some
Novice,Some
Intermediate,A lot
Intermediate,Some
Intermediate,Some
Intermediate,Some
Novice,Not much
Novice,Some
Intermediate,Some
Novice,Some
Intermediate,Some
Intermediate,A lot
Novice,Not much
Intermediate,Some
Intermediate,Some
Novice,Not much
Intermediate,A lot
Advanced,A lot
Intermediate,Some
Novice,Not much
Advanced,A lot
Advanced,A lot
Intermediate,A lot
Intermediate,Some
Novice,Some
Advanced,A lot
Novice,Some
Novice,Not at all
Intermediate,Some
Advanced,A lot
Intermediate,Some
Intermediate,A lot
Intermediate,Some
Advanced,A lot
Novice,Some
Novice,Some
Novice,Not at all
Advanced,Not much
Intermediate,Some
Intermediate,A lot
Advanced,Some
Intermediate,Not much
Intermediate,Not at all
Expert,A lot
Intermediate,Some
Intermediate,A lot
Intermediate,A lot
Novice,Not much
Advanced,A lot
Novice,Not much
Intermediate,A lot
Intermediate,Some
Advanced,A lot
Intermediate,Some
Novice,Some
Intermediate,Not much
Novice,Some
Novice,Some
Novice,Some
Intermediate,Some
Intermediate,A lot
Intermediate,A lot
Intermediate,A lot
Intermediate,Some
Novice,Some
Intermediate,A lot
Intermediate,A lot
Novice,Not much
Advanced,Some
Novice,Not much
Novice,Some
Intermediate,Some
Novice,Some
Intermediate,Some
Novice,A lot
Intermediate,A lot
Intermediate,A lot
Novice,Some
Novice,Some
Advanced,A lot
Intermediate,Some
Advanced,A lot
Novice,Some
Intermediate,A lot
Intermediate,Some
Advanced,A lot
Novice,Not at all
Intermediate,A lot
Novice,Not at all
Intermediate,A lot
Intermediate,A lot
Novice,Not at all
Novice,Some
Novice,Some
Intermediate,Some
Intermediate,A lot
Intermediate,Some
Intermediate,Some
Novice,Not much
Intermediate,Some
Intermediate,A lot
Novice,Some
Expert,A lot
Novice,Not much
Advanced,Some
Novice,Some
Novice,Some
Advanced,Some
Intermediate,Some
Novice,Not at all
Advanced,Some
Novice,Not much
Intermediate,Some
Intermediate,Some
Novice,Some
Novice,Some
Intermediate,Not much
Novice,Some
Advanced,Some
Novice,Not at all
Intermediate,Not much
Novice,Some
Advanced,A lot
Novice,A lot
Novice,A lot
Advanced,A lot
Intermediate,Not much
Intermediate,A lot
Advanced,A lot
Intermediate,Some
Expert,A lot
Intermediate,Some
Novice,Some
Novice,Some
Novice,Not much
Intermediate,Some
Intermediate,A lot
Intermediate,A lot
Novice,Not at all
Novice,Some
Intermediate,Some
Novice,Not much
Intermediate,A lot
Novice,Some
Intermediate,A lot
Intermediate,Some
Intermediate,Some
Intermediate,Some
Advanced,A lot
Advanced,A lot
Advanced,Some
Intermediate,Some
Novice,Some
Intermediate,Some
Novice,Not much
Novice,Not much
Novice,Not much
Intermediate,A lot
Novice,Not much
Intermediate,A lot
Intermediate,Some
Novice,Some
Novice,Some
Novice,Some
Intermediate,A lot
Novice,Some
Intermediate,Some
Novice,Some
Advanced,A lot
Novice,Some
Intermediate,Some
Intermediate,A lot
Novice,Not much
Novice,Not at all
Intermediate,Some
Novice,Some
Intermediate,Some
Intermediate,A lot
Novice,Some
Novice,Not at all
Intermediate,A lot
Intermediate,Some
Intermediate,A lot
Intermediate,Some
Intermediate,A lot
Intermediate,A lot
Novice,Not much
Intermediate,A lot
Intermediate,Some
Intermediate,Some
Intermediate,A lot
Novice,A lot
Novice,Not much
Novice,Some
Intermediate,Some
Novice,Not at all
Novice,Not much
Advanced,A lot
Intermediate,Some
Advanced,Some
Intermediate,Some
Intermediate,A lot
Novice,Some
Novice,Some
Intermediate,Some
Novice,Some
Novice,Not much
Intermediate,Some
Novice,Not much
Novice,Not much
Advanced,Some
Novice,Some
Advanced,A lot
Intermediate,A lot
Expert,A lot
Novice,Not much
Novice,Some
Novice,Some
Novice,Some
Novice,Not at all
Novice,A lot
Advanced,A lot
Intermediate,Some
Novice,Not much
Novice,Some
Intermediate,A lot
Advanced,A lot
Intermediate,Some
Intermediate,A lot
Intermediate,Some
Intermediate,A lot
Novice,Some
Intermediate,A lot
Advanced,A lot
Novice,Not much
Intermediate,A lot
Novice,Not much
Intermediate,Some
Novice,Some
Intermediate,Some
Intermediate,Some
Novice,Some
Novice,Not much
Novice,Not much
Intermediate,A lot
Intermediate,A lot
Novice,Some
Intermediate,Some
Novice,A lot
Novice,Not much
Novice,Some
Intermediate,Some
Novice,A lot
Novice,A lot
Intermediate,Not much
Intermediate,Some
Advanced,A lot
Novice,Some
Novice,Not much
Intermediate,A lot
Intermediate,Some
Novice,Some
Novice,Some
Novice,Some
Expert,A lot
Novice,Not at all
Expert,A lot
Expert,Some
Advanced,A lot
Intermediate,A lot
Novice,Not at all
Novice,Some
Intermediate,A lot
Intermediate,Not much
Advanced,A lot
Expert,A lot
Novice,Not at all
Intermediate,Some
Intermediate,A lot
Expert,A lot
Advanced,A lot
Advanced,Some
Intermediate,Some
Intermediate,A lot
Novice,Some
Advanced,Some
Novice,Not much
Novice,Some
Advanced,A lot
Intermediate,Some
Novice,A lot
Intermediate,A lot
Novice,Not much
Intermediate,Some
Advanced,A lot
Intermediate,Some
Advanced,A lot
Intermediate,Some
Intermediate,Some
Intermediate,Some
Intermediate,A lot
Intermediate,Some
Novice,Not much
Intermediate,Some
Novice,Not much
Novice,Some
Advanced,A lot
Expert,A lot
Intermediate,A lot
Intermediate,A lot
Novice,Some
Intermediate,Not much
Intermediate,Some
Novice,Some
Advanced,A lot
Advanced,A lot
Novice,Some
Intermediate,Some
Advanced,A lot
Intermediate,Some
Intermediate,Some
Intermediate,Some
Intermediate,A lot
Advanced,A lot
Novice,Some
Novice,Some
Intermediate,Some
Novice,Some
Intermediate,Some
Advanced,A lot
Intermediate,A lot
Advanced,Some
Novice,Not at all
Novice,A lot
Intermediate,Some
Intermediate,Some
Intermediate,A lot
Advanced,Some
Advanced,A lot
Intermediate,Some
Novice,Not much
Novice,Not much
Advanced,A lot
Intermediate,A lot
Intermediate,Some
Advanced,Some
Novice,Not at all
Novice,Not at all
Intermediate,A lot
Advanced,Not much
Novice,Some
Novice,Some
Advanced,Some
Advanced,Some
Expert,A lot
Advanced,A lot
Advanced,A lot
Advanced,A lot
Advanced,A lot
Novice,Not much
Intermediate,Some
Novice,Not much
Advanced,A lot
Intermediate,Some
Advanced,Some
Expert,A lot
Advanced,Some
Advanced,A lot
Intermediate,Some
Novice,Some
Novice,A lot
Novice,Some
Novice,Some
Novice,A lot
Intermediate,Some
Intermediate,A lot
Novice,Not much
Novice,Not much
Expert,A lot
Novice,Not much
Novice,Some
Novice,Some
Novice,Some
Novice,Some
Novice,Some
Advanced,A lot
Novice,Not much
Intermediate,Some
Novice,Some
Advanced,A lot
Advanced,Some
Intermediate,Some
Novice,Not at all
Novice,Not at all
Intermediate,Some
Intermediate,Not much
Novice,Not at all
Novice,Not at all
Novice,Some
Intermediate,Some
Intermediate,Not at all
Expert,A lot
Intermediate,Not much
Advanced,A lot
Intermediate,Not at all
Intermediate,Some
Intermediate,Some
Intermediate,Some
Advanced,A lot
Novice,Some
Novice,Some
Intermediate,A lot
Advanced,A lot
Novice,Not at all
Novice,Some
Novice,Not much
Novice,Some
Novice,Some
Intermediate,Some
Novice,A lot
Advanced,A lot
Intermediate,Some
Novice,Not much
Intermediate,Some
Novice,Not much
Novice,Some
Intermediate,Not much
Intermediate,Some
Intermediate,Some
Intermediate,Some
Intermediate,A lot
Novice,Some
Intermediate,Some
Novice,Not at all
Advanced,A lot
Intermediate,Some
Novice,Not much
Intermediate,Some
Novice,Some
Intermediate,A lot
Novice,Some
Novice,Some
Intermediate,A lot
Novice,Not much
Novice,Not much
Novice,A lot
Intermediate,A lot
Novice,Some
Novice,Not much
Novice,Not much
Novice,Some
Intermediate,A lot
Advanced,A lot
Intermediate,Some
Advanced,A lot
Novice,Some
Intermediate,A lot
Intermediate,Some
Advanced,Some
Intermediate,Some
Intermediate,A lot
Intermediate,A lot
Intermediate,Some
Novice,Not at all
Intermediate,Some
Intermediate,Some
Intermediate,A lot
Intermediate,A lot
Novice,Some
Advanced,Some
Intermediate,Some
Intermediate,Some
Intermediate,Some
Advanced,A lot
Intermediate,Some
Intermediate,Some
Novice,Some
Intermediate,A lot
Advanced,Some
Advanced,Some
Intermediate,A lot
Novice,Some
Advanced,Some
Novice,Some
Intermediate,Some
Novice,Some
Novice,Not much
Advanced,A lot
Intermediate,A lot
Advanced,A lot
Intermediate,Some
Novice,Some
Intermediate,Some
Advanced,A lot
Novice,Some
Intermediate,Some
Novice,Not at all
Novice,A lot
Advanced,Some
Intermediate,Some
Intermediate,A lot
Advanced,Some
Expert,A lot
Intermediate,Some
Advanced,A lot
Intermediate,Some
Intermediate,A lot
Intermediate,Some
Advanced,A lot
Novice,A lot
Intermediate,Some
Intermediate,Some
Novice,Some
Novice,Some
Intermediate,Some
Novice,Not at all
Intermediate,A lot
Advanced,A lot
Novice,Some
Advanced,A lot
Intermediate,Some
Intermediate,Some
Novice,Some
Intermediate,Some
Expert,A lot
Novice,Not much
Novice,Some
Novice,Not at all
Intermediate,Some
Advanced,Some
Advanced,A lot
Novice,Not at all
Novice,Some
Intermediate,A lot
Novice,Not at all
Intermediate,Not at all
Novice,A lot
Novice,Some
Novice,Some
Advanced,A lot
Intermediate,Not much
Intermediate,Some
Novice,Not much
Novice,Not much
Novice,Not much
Novice,Not much
Novice,A lot
Advanced,A lot
Advanced,A lot
Novice,Some
Novice,Not much
Intermediate,Some
Intermediate,Some
Intermediate,A lot
Intermediate,A lot
Novice,Some
Advanced,A lot
Novice,Not much
Intermediate,A lot
Novice,A lot
Advanced,Some
Novice,Not at all
Novice,Some
Intermediate,A lot
Intermediate,A lot
Advanced,A lot
Intermediate,Some
Intermediate,A lot
Intermediate,A lot
Advanced,A lot
Novice,Some
Advanced,A lot
Novice,Not much
Novice,Some
Intermediate,Some
Advanced,A lot
Intermediate,A lot
Novice,Some
Intermediate,Not much
Advanced,A lot
Novice,Not much
Novice,Some
Intermediate,Some
Intermediate,Some
Novice,Some
Intermediate,Some
Intermediate,Some
Advanced,A lot
Intermediate,Some
Advanced,A lot
Advanced,Some
Intermediate,A lot
Novice,Some
Novice,Some
Novice,Not much
Novice,Not much
Novice,Some
Novice,Not at all
Intermediate,Not much
Novice,Some
Intermediate,Some
Intermediate,Some
Intermediate,Some
Novice,Some
Novice,Not much
Intermediate,Some
Intermediate,Some
Novice,Some
Intermediate,A lot
Novice,Not much
Intermediate,Some
Novice,Some
Novice,Some
Intermediate,Some
Novice,Some
Intermediate,Some
Expert,A lot
Novice,Not much
Intermediate,A lot
Intermediate,Some
Intermediate,A lot
Intermediate,Some
Novice,Some
Intermediate,Some
Intermediate,Not much
Novice,Not much
Intermediate,Not much
Intermediate,A lot
Intermediate,Some
Intermediate,A lot
Advanced,A lot
Novice,Some
Novice,A lot
Advanced,A lot
Novice,Not much
Intermediate,A lot
Expert,Some
Novice,Some
Intermediate,A lot
Novice,Not at all
Novice,Some
Novice,Some
Novice,Not at all
Intermediate,A lot
Novice,Not much
Novice,Not at all
Intermediate,Not much
Novice,Not much
Intermediate,A lot
Intermediate,A lot
Advanced,A lot
Advanced,Some
Novice,Not much
Intermediate,Some
Novice,Not much
Intermediate,Some
Intermediate,A lot
Novice,Not much
Intermediate,Some
Novice,Not at all
Intermediate,Some
Intermediate,Some
Novice,Some
Intermediate,Some
Novice,Some
Advanced,Some
Intermediate,A lot
Novice,Some
Novice,Not at all
Intermediate,Some
Intermediate,Some
Novice,Some
Novice,Not at all
Advanced,A lot
Novice,Some
Advanced,A lot
Novice,A lot
Novice,Some
Novice,A lot
Intermediate,A lot
Novice,Not much
Intermediate,Some
Intermediate,Some
Intermediate,A lot
Novice,Not at all
Intermediate,A lot
Novice,Not much
Novice,Not much
Intermediate,Some
Novice,Some
Novice,Some
Advanced,A lot
Novice,Not much
Intermediate,A lot
Intermediate,A lot
Intermediate,Some
Advanced,A lot
Intermediate,Some
Novice,Some
Expert,A lot
Intermediate,Some
Intermediate,A lot
Intermediate,A lot
Novice,Some
Intermediate,A lot
Intermediate,Some
Intermediate,Some
Advanced,Some
Novice,Some
Novice,Not much
Intermediate,Not much
Novice,A lot
Intermediate,Some
Intermediate,Some
Intermediate,A lot
Novice,Some
Intermediate,Some
Novice,Not much
Intermediate,Some
Novice,Some
Novice,Some
Novice,Not much
Novice,A lot
Novice,Not much
Novice,Not much
Intermediate,Some
Advanced,A lot
Intermediate,Some
Intermediate,Some
Novice,Not much
Intermediate,Some
Intermediate,Some
Novice,Some
Novice,Not at all
Novice,Not at all
Intermediate,Some
Novice,A lot
Novice,Some
Intermediate,A lot
Intermediate,Some
Novice,Some
Novice,A lot
Advanced,A lot
Intermediate,A lot
Intermediate,Some
Intermediate,Some
Novice,Some
Novice,Not much
Intermediate,Some
Advanced,A lot
Intermediate,Not much
Intermediate,Some
Intermediate,A lot
Intermediate,A lot
Novice,Some
Intermediate,Some
Novice,Some
Novice,Some
Intermediate,A lot
Novice,Some
Novice,Some
Novice,Not much
Novice,Some
Intermediate,A lot
Intermediate,Not much
Intermediate,A lot
Intermediate,A lot
Advanced,A lot
Novice,Not at all
Intermediate,A lot
Advanced,A lot
Novice,Some
Novice,Some
Advanced,A lot
Intermediate,Not much
Intermediate,Some
Intermediate,Some
Intermediate,A lot
Novice,Some
Novice,Some
Intermediate,A lot
Intermediate,Some
Novice,Not much
Novice,Some
Intermediate,Some
Advanced,A lot
Intermediate,A lot
Advanced,A lot
Intermediate,Some
Intermediate,Some
Advanced,A lot
Novice,Some
Novice,Some
Intermediate,Some
Novice,Some
Intermediate,Some
Novice,A lot
Intermediate,Some
Intermediate,A lot
Novice,Some
Intermediate,Some
Intermediate,Some
Intermediate,Some
Novice,Not much
Novice,Not much
Novice,Some
Intermediate,Some
Novice,Not much
Novice,Not much
Intermediate,Some
Intermediate,Some
Novice,A lot
Intermediate,Some
Novice,Not at all
Novice,Not much
Intermediate,Some
Intermediate,A lot
Intermediate,A lot
Advanced,A lot
Novice,Some
Intermediate,Some
Intermediate,Some
Novice,Not much
Intermediate,A lot
Intermediate,Some
Novice,Not much
Novice,Some
Intermediate,A lot
Novice,A lot
Novice,Some
Novice,Some
Intermediate,Some
Novice,Some
Intermediate,A lot
Novice,Not at all
Intermediate,Some
Advanced,Some
Intermediate,A lot
Intermediate,Some
Advanced,A lot
Intermediate,A lot
Intermediate,Some
Intermediate,Some
Novice,Some
Novice,Some
Novice,Not much
Novice,Some
Novice,Not much
Intermediate,A lot
Novice,Not at all
Novice,Not at all
Advanced,A lot
Intermediate,A lot
Intermediate,Not much
Intermediate,A lot
Novice,Some
Intermediate,Some
Intermediate,Some
Novice,Not much
Intermediate,A lot
Intermediate,A lot
Intermediate,Some
Intermediate,Not much
Novice,Some
Intermediate,A lot
Advanced,A lot
Intermediate,A lot
Novice,A lot
Intermediate,Some
Novice,Not at all
Advanced,A lot
Novice,Some
Novice,Not at all
Novice,Some
Novice,Some
Intermediate,Some
Novice,Some
Novice,Some
Intermediate,Some
Intermediate,Some
Intermediate,Some
Intermediate,Some
Advanced,A lot
Intermediate,Some
Intermediate,Not much
Novice,Not at all
Advanced,A lot
Novice,Some
Novice,Some
Novice,Some
Novice,Not much
Advanced,A lot
Intermediate,Some
Intermediate,Some
Advanced,A lot
Advanced,A lot
Novice,Some
Advanced,A lot
Intermediate,Some
Intermediate,Some
Novice,Not much
Intermediate,A lot
Novice,Not much
